{
  "name": "gregtech.veins.ore.molybdenum",
  "weight": 5,
  "density": 0.25,
  "min_height": 20,
  "max_height": 50,
  "vein_populator": {
    "type": "surface_rock",
    "material": "molybdenite"
  },
  "dimension_filter": [
    "is_nether"
  ],
  "generator": {
    "type": "layered",
    "radius": [
      14,
      16
    ]
  },
  "filler": {
    "type": "layered",
    "values": [
      {
        "primary": "ore:wulfenite"
      },
      {
        "secondary": "ore:molybdenite"
      },
      {
        "between": "ore:molybdenum"
      },
      {
        "sporadic": "ore:powellite"
      }
    ]
  }
}
