{
  "name": "gregtech.veins.ore.nether_quartz",
  "weight": 80,
  "density": 0.2,
  "min_height": 40,
  "max_height": 80,
  "vein_populator": {
    "type": "surface_rock",
    "material": "quartzite"
  },
  "dimension_filter": [
    "is_nether"
  ],
  "generator": {
    "type": "layered",
    "radius": [
      17,
      24
    ]
  },
  "filler": {
    "type": "layered",
    "values": [
      {
        "primary": "ore:nether_quartz"
      },
      {
        "secondary": "ore:nether_quartz"
      },
      {
        "between": "ore:nether_quartz"
      },
      {
        "sporadic": "ore:quartzite"
      }
    ]
  }
}
