{
  "name": "gregtech.veins.ore.coal",
  "weight": 80,
  "density": 0.25,
  "max_height": 80,
  "min_height": 30,
  "vein_populator": {
    "type": "surface_rock",
    "material": "coal"
  },
  "generator": {
    "type": "layered",
    "radius": [
      20,
      32
    ]
  },
  "filler": {
    "type": "layered",
    "values": [
      {
        "primary": "ore:coal"
      },
      {
        "secondary": "ore:coal"
      },
      {
        "between": "ore:coal"
      },
      {
        "sporadic": "ore:coal"
      }
    ]
  }
}
