{
  "name": "gregtech.veins.ore.sapphire",
  "weight": 60,
  "density": 0.25,
  "max_height": 40,
  "min_height": 10,
  "vein_populator": {
    "type": "surface_rock",
    "material": "sapphire"
  },
  "generator": {
    "type": "layered",
    "radius": [
      14,
      16
    ]
  },
  "filler": {
    "type": "layered",
    "values": [
      {
        "primary": "ore:almandine"
      },
      {
        "secondary": "ore:pyrope"
      },
      {
        "between": "ore:sapphire"
      },
      {
        "sporadic": "ore:green_sapphire"
      }
    ]
  }
}
